Loan_ID,Gender,Married,Dependents,Education,Self_Employed,ApplicantIncome,CoapplicantIncome,LoanAmount,Loan_Amount_Term,Credit_History,Property_Area,Loan_Status,Application_Date,Title,City
LP001003,Male,Yes,1,Graduate,No,4583,1508,128,360,1,Rutal,N,2017/05/11,Mr,Centurion
LP001029,Male,No,0,Graduate,No,1853,2840,114,360,1,Rutal,N,2014/07/17,Mr,Johannesburg
LP001038,Male,Yes,0,Not Graduate,No,4887,0,133,360,1,Rutal,N,2015/11/07,Mr,Waterkloof
LP001448,,Yes,3+,Graduate,No,23803,0,370,360,1,Rutal,Y,2017|06|14,Dr,Midrand
LP001097,Male,No,1,Graduate,Yes,4692,0,106,360,1,Rutal,N,2017|06|01,Mr,Midrand
LP001100,Male,No,3+,Graduate,No,12500,3000,320,360,1,Rutal,N,2015/08/31,Mr,Waterkloof
LP001197,Male,Yes,0,Graduate,No,3366,2200,135,360,1,Rutal,N,2017/05/14,Mr,Midrand
LP001207,Male,Yes,0,Not Graduate,Yes,2609,3449,165,180,0,Rutal,N,2016.10.21,Mr,Waterkloof
LP001213,Male,Yes,1,Graduate,No,4945,0,,360,0,Rutal,N,2018|04|28,Mr,Pretoria
LP001370,Male,No,0,Not Graduate,,7333,0,120,360,1,Rutal,N,2014/10/01,Mr,Edenvale
LP001391,Male,Yes,0,Not Graduate,No,3572,4114,152,,0,Rutal,N,2017/02/04,Mr,Centurion
LP001401,Male,Yes,1,Graduate,No,14583,0,185,180,1,Rutal,Y,2017|07|24,Mr,Soweto
LP001421,Male,Yes,0,Graduate,No,5568,2142,175,360,1,Rutal,N,2017/08/07,Mr,Midrand
LP001426,Male,Yes,,Graduate,No,5667,2667,180,360,1,Rutal,Y,2018/02/10,Mr,Midrand
LP001439,Male,Yes,0,Not Graduate,No,4300,2014,194,360,1,Rutal,Y,2014/03/14,Mr,Edenvale
LP001519,Female,No,0,Graduate,No,10000,1666,225,360,1,Rutal,N,20180322,Dr,Johannesburg
LP001644,,Yes,0,Graduate,Yes,674,5296,168,360,1,Rural,Y,2013/05/12,Dr,Pretoria
LP001449,Male,No,0,Graduate,No,3865,1640,,360,1,Rutal,Y,20140624,Mr,Soweto
LP001465,Male,Yes,0,Graduate,No,6080,2569,182,360,,Rutal,N,2017/02/27,Mr,Soweto
LP001489,Female,Yes,0,Graduate,No,4583,0,84,360,1,Rutal,N,2017/05/05,Mrs,Fourways
LP001493,Male,Yes,2,Not Graduate,No,4200,1430,129,360,1,Rutal,N,2013/03/20,Mr,Edenvale
LP001497,Male,Yes,2,Graduate,No,5042,2083,185,360,1,Rutal,N,2013/11/28,Mr,Fourways
LP001790,Female,No,1,Graduate,No,3812,0,112,360,1,Rural,Y,2016|07|09,Dr,Edenvale
LP001528,Male,No,0,Graduate,No,6277,0,118,360,0,Rutal,N,2016/07/18,Mr,Johannesburg
LP001529,Male,Yes,0,Graduate,Yes,2577,3750,152,360,1,Rutal,Y,2013.07.18,Mr,Centurion
LP001532,Male,Yes,2,Not Graduate,No,2281,0,113,360,1,Rutal,N,2015|11|06,Mr,Waterkloof
LP001541,Male,Yes,1,Graduate,No,6000,0,160,360,,Rural,Y,2016|08|12,Mr,Edenvale
LP001546,Male,No,0,Graduate,,2980,2083,120,360,1,Rural,Y,2016/10/19,Mr,Waterkloof
LP001570,Male,Yes,2,Graduate,No,4167,1447,158,360,1,Rural,Y,2016/08/29,Mr,Pretoria
LP001574,Male,Yes,0,Graduate,No,3707,3166,182,,1,Rural,Y,2016/12/24,Mr,Johannesburg
LP001577,Female,Yes,0,Graduate,No,4583,0,112,360,1,Rural,N,2013/06/07,Mrs,Soweto
LP001578,Male,Yes,0,Graduate,No,2439,3333,129,360,1,Rural,Y,2018.01.17,Mr,Johannesburg
LP001581,Male,Yes,0,Not Graduate,,1820,1769,95,360,1,Rural,Y,2015/04/23,Mr,pta
LP001586,Male,Yes,3+,Not Graduate,No,3522,0,81,180,1,Rural,N,2013|11|16,Mr,Edenvale
LP001606,Male,Yes,0,Graduate,No,3497,1964,116,360,1,Rural,Y,2016/07/05,Mr,Johannesburg
LP001608,Male,Yes,2,Graduate,No,2045,1619,101,360,1,Rural,Y,20180308,Mr,Fourways
LP001634,Male,No,0,Graduate,No,1916,5063,67,360,,Rural,N,2017/05/17,Mr,Waterkloof
LP001641,Male,Yes,1,Graduate,Yes,2178,0,66,300,0,Rural,N,2014|02|28,Mr,Soweto
LP001643,Male,Yes,0,Graduate,No,2383,2138,58,360,,Rural,Y,2017/08/29,Mr,Edenvale
LP001846,Female,No,3+,Graduate,No,3083,0,255,360,1,Rural,Y,2016/09/20,Dr,Roodepoort
LP001647,Male,Yes,0,Graduate,No,9328,0,188,180,1,Rural,Y,2013/10/30,Mr,pta
LP001653,Male,No,0,Not Graduate,No,4885,0,48,360,1,Rural,Y,2017/11/07,Mr,Johannesburg
LP001664,Male,No,0,Graduate,No,4191,0,120,360,1,Rural,Y,2016/01/24,Mr,Edenvale
LP001666,Male,No,0,Graduate,No,8333,3750,187,360,1,Rural,Y,2017.08.19,Mr,Edenvale
LP001698,Male,No,0,Not Graduate,No,3975,2531,55,360,1,Rural,Y,2013/03/09,Mr,Soweto
LP001715,Male,Yes,3+,Not Graduate,Yes,5703,0,130,360,1,Rural,Y,2018|04|02,Mr,Roodepoort
LP001722,Male,Yes,0,Graduate,No,150,1800,135,360,1,Rural,N,2016/10/11,Mr,Waterkloof
LP001751,Male,Yes,0,Graduate,No,3250,0,170,360,1,Rural,N,2016/02/29,Mr,Soweto
LP001761,Male,No,0,Graduate,Yes,6400,0,200,360,1,Rural,Y,2017/06/26,Mr,Fourways
LP001768,Male,Yes,0,Graduate,,3716,0,42,180,1,Rural,Y,2017/01/08,Mr,Midrand
LP001770,Male,No,0,Not Graduate,No,3189,2598,120,,1,Rural,Y,2018/03/23,Mr,pta
LP001784,Male,Yes,1,Graduate,No,5500,1260,170,360,1,Rural,Y,2017/10/18,Mr,Edenvale
LP001871,Female,No,0,Graduate,No,7200,0,120,360,1,Rural,Y,2013/01/30,Dr,Soweto
LP001798,Male,Yes,2,Graduate,No,5819,5000,120,360,1,Rural,Y,2017/11/21,Mr,Waterkloof
LP001807,Male,Yes,2,Graduate,Yes,6250,1300,108,360,1,Rural,Y,2016/07/06,Mr,Midrand
LP001841,Male,No,0,Not Graduate,Yes,2583,2167,104,360,1,Rural,Y,2013/12/15,Mr,Edenvale
LP001883,Female,No,0,Graduate,,3418,0,135,360,1,Rural,N,2014/06/25,Dr,Soweto
LP001849,Male,No,0,Not Graduate,No,6045,0,115,360,0,Rural,N,2016/08/03,Mr,Johannesburg
LP001859,Male,Yes,0,Graduate,No,14683,2100,304,360,1,Rural,N,2016/03/10,Mr,Johannesburg
LP001955,Female,No,0,Graduate,No,5000,2541,151,480,1,Rural,N,2013/07/28,Dr,Soweto
LP001875,Male,No,0,Graduate,No,4095,3447,151,360,1,Rural,Y,2017.12.17,Mr,Soweto
LP001974,Female,No,0,Graduate,No,5000,0,132,360,1,Rural,Y,2015/08/23,Dr,Centurion
LP001892,Male,No,0,Graduate,No,2833,1857,126,360,1,Rural,Y,2017/07/17,Mr,Johannesburg
LP001908,Female,Yes,0,Not Graduate,No,4100,0,124,360,,Rural,Y,2017/06/09,Mrs,Fourways
LP001922,Male,Yes,0,Graduate,No,20667,0,,360,1,Rural,N,2014/07/28,Mr,Edenvale
LP001924,Male,No,0,Graduate,No,3158,3053,89,360,1,Rural,Y,2018/02/05,Mr,Johannesburg
LP001926,Male,Yes,0,Graduate,No,3704,2000,120,360,1,Rural,Y,2016/12/25,Mr,Midrand
LP001935,Male,No,0,Graduate,No,9508,0,187,360,1,Rural,Y,2017/01/13,Mr,Fourways
LP001936,Male,Yes,0,Graduate,No,3075,2416,139,360,1,Rural,Y,2015/03/23,Mr,pta
LP001993,Female,No,0,Graduate,No,3762,1666,135,360,1,Rural,Y,20151101,Dr,Johannesburg
LP001050,,Yes,2,Not Graduate,No,3365,1917,112,360,0,Rutal,N,2013/11/30,Miss,Roodepoort
LP001978,Male,No,0,Graduate,No,4000,2500,140,360,1,Rural,Y,2017/05/20,Mr,Waterkloof
LP001443,Female,No,0,Graduate,No,3692,0,93,360,,Rutal,Y,2015/05/15,Miss,Edenvale
LP001996,Male,No,0,Graduate,No,20233,0,480,360,1,Rural,N,2017/05/14,Mr,Roodepoort
LP001998,Male,Yes,2,Not Graduate,No,7667,0,185,360,,Rural,Y,2015|03|25,Mr,Waterkloof
LP002006,Female,No,0,Graduate,No,2507,0,56,360,1,Rural,Y,2013/10/06,Miss,Edenvale
LP002008,Male,Yes,2,Graduate,Yes,5746,0,144,84,,Rural,Y,2016|05|19,Mr,Midrand
LP002024,,Yes,0,Graduate,No,2473,1843,159,360,1,Rural,N,2018/01/14,Miss,Soweto
LP002050,Male,Yes,1,Graduate,Yes,10000,0,155,360,1,Rural,N,2015|12|06,Mr,Fourways
LP002054,Male,Yes,2,Not Graduate,No,3601,1590,,360,1,Rural,Y,20170618,Mr,Soweto
LP002055,Female,No,0,Graduate,No,3166,2985,132,360,,Rural,Y,2015/04/15,Miss,Soweto
LP002065,Male,Yes,3+,Graduate,No,15000,0,300,360,1,Rural,Y,2014/09/08,Mr,Roodepoort
LP002067,Male,Yes,1,Graduate,Yes,8666,4983,376,360,0,Rural,N,2014/04/23,Mr,pta
LP002068,Male,No,0,Graduate,No,4917,0,130,360,0,Rural,Y,2014/12/10,Mr,Midrand
LP002110,Male,Yes,1,Graduate,,5250,688,160,360,1,Rural,Y,2017/05/21,Mr,Fourways
LP002112,Male,Yes,2,Graduate,Yes,2500,4600,176,360,1,Rural,Y,2015/10/16,Mr,Centurion
LP002115,Male,Yes,3+,Not Graduate,No,2647,1587,173,360,1,Rural,N,20140408,Mr,Johannesburg
LP002116,Female,No,0,Graduate,No,2378,0,46,360,1,Rural,N,2013/10/26,Miss,pta
LP002128,Male,Yes,2,Graduate,,2583,2330,125,360,1,Rural,Y,2017/01/10,Mr,Fourways
LP002130,Male,Yes,,Not Graduate,No,3523,3230,152,360,0,Rural,N,2017/02/20,Mr,Roodepoort
LP002138,Male,Yes,0,Graduate,No,2625,6250,187,360,1,Rural,Y,2016/12/08,Mr,Soweto
LP002140,Male,No,0,Graduate,No,8750,4167,308,360,1,Rural,N,2017/03/05,Mr,Centurion
LP002141,Male,Yes,3+,Graduate,No,2666,2083,95,360,1,Rural,Y,2015/12/16,Mr,Midrand
LP002142,Female,Yes,0,Graduate,Yes,5500,0,105,360,0,Rural,N,2013/04/17,Mrs,Edenvale
LP002149,Male,Yes,2,Graduate,No,8333,3167,165,360,1,Rural,Y,2014/07/26,Mr,Edenvale
LP002180,Male,No,0,Graduate,Yes,6822,0,141,360,1,Rural,Y,2015/11/01,Mr,Johannesburg
LP002181,Male,No,0,Not Graduate,No,6216,0,133,360,1,Rural,N,2018/01/05,Mr,Roodepoort
LP002188,Male,No,0,Graduate,No,5124,0,124,,0,Rural,N,2013/08/14,Mr,Soweto
LP002191,Male,Yes,0,Graduate,No,19730,5266,570,360,1,Rural,N,2016/01/04,Mr,Johannesburg
LP002201,Male,Yes,2,Graduate,Yes,9323,7873,380,300,1,Rural,Y,2015/01/08,Mr,Soweto
LP002219,Male,Yes,3+,Graduate,No,8750,4996,130,360,1,Rural,Y,2014/06/17,Mr,Edenvale
LP002250,Male,Yes,0,Graduate,No,5488,0,125,360,1,Rural,Y,2013/05/17,Mr,Johannesburg
LP002255,Male,No,3+,Graduate,No,9167,0,185,360,1,Rural,Y,2015/06/13,Mr,Fourways
LP002262,Male,Yes,3+,Graduate,No,9504,0,275,360,1,Rural,Y,2018/03/20,Mr,Johannesburg
LP002284,Male,No,0,Not Graduate,No,3902,1666,109,360,1,Rural,Y,20141124,Mr,Centurion
LP002296,Male,No,0,Not Graduate,No,2755,0,65,300,1,Rural,N,2018/02/18,Mr,Midrand
LP002301,Female,No,0,Graduate,Yes,7441,0,194,360,1,Rural,N,2017/11/18,Miss,pta
LP002314,Female,No,0,Not Graduate,No,2213,0,66,360,1,Rural,Y,2017/08/26,Miss,Soweto
LP002317,Male,Yes,3+,Graduate,No,81000,0,360,360,0,Rural,N,2015/12/31,Mr,Waterkloof
LP002328,Male,Yes,0,Not Graduate,No,6096,0,218,360,0,Rural,N,2017/05/18,Mr,Johannesburg
LP002332,Male,Yes,0,Not Graduate,No,2253,2033,110,360,1,Rural,Y,2013/07/31,Mr,Johannesburg
LP002345,Male,Yes,0,Graduate,No,1025,2773,112,360,1,Rural,Y,2015/03/05,Mr,Centurion
LP002348,Male,Yes,0,Graduate,No,5829,0,138,360,1,Rural,Y,2014/05/08,Mr,Waterkloof
LP002366,Male,Yes,0,Graduate,No,2666,4300,121,360,1,Rural,Y,2016/09/02,Mr,Edenvale
LP002367,Female,No,1,Not Graduate,No,4606,0,81,360,1,Rural,N,2013|11|12,Miss,Johannesburg
LP002369,Male,Yes,0,Graduate,No,2920,16.12000084,87,360,1,Rural,Y,2013/05/23,Mr,pta
LP002379,Male,No,0,Graduate,No,6500,0,105,360,0,Rural,N,2017/05/05,Mr,Midrand
LP002407,Female,Yes,0,Not Graduate,Yes,7142,0,138,360,1,Rural,Y,2018/02/25,Mrs,Fourways
LP002409,Male,Yes,0,Graduate,No,7901,1833,180,360,1,Rural,Y,2013/10/06,Mr,Soweto
LP002424,Male,Yes,0,Graduate,No,7333,8333,175,300,,Rural,Y,2014/05/17,Mr,Fourways
LP002429,Male,Yes,1,Graduate,Yes,3466,1210,130,360,1,Rural,Y,2016/02/12,Mr,Roodepoort
LP002434,Male,Yes,2,Not Graduate,No,4652,0,110,360,1,Rural,Y,2014|06|25,Mr,Waterkloof
LP002435,Male,Yes,0,Graduate,,3539,1376,55,360,1,Rural,N,2013/04/12,Mr,Edenvale
LP002443,Male,Yes,2,Graduate,No,3340,1710,150,360,0,Rural,N,2014/02/17,Mr,Roodepoort
LP002446,Male,Yes,2,Not Graduate,No,2309,1255,125,360,0,Rural,N,2016/06/22,Mr,Johannesburg
LP002448,Male,Yes,0,Graduate,No,3948,1733,149,360,0,Rural,N,2013/11/18,Mr,Centurion
LP002449,Male,Yes,0,Graduate,No,2483,2466,90,180,0,Rural,Y,2017/11/12,Mr,Waterkloof
LP002472,Male,No,2,Graduate,No,4354,0,136,360,1,Rural,Y,2015|11|08,Mr,Midrand
LP002487,Male,Yes,0,Graduate,No,3015,2188,153,360,1,Rural,Y,2014/05/10,Mr,Johannesburg
LP002494,Male,No,0,Graduate,No,6000,0,140,360,1,Rural,Y,2015/11/28,Mr,Edenvale
LP002517,Male,Yes,1,Not Graduate,No,2653,1500,113,180,0,Rural,N,2017/07/11,Mr,Midrand
LP002524,Male,No,2,Graduate,No,5532,4648,162,360,1,Rural,Y,2016/10/24,Mr,Midrand
LP002527,Male,Yes,2,Graduate,Yes,16525,1014,150,360,1,Rural,Y,2013/03/03,Mr,Johannesburg
LP002534,Female,No,0,Not Graduate,No,4350,0,154,360,1,Rural,Y,2015/06/16,Miss,Soweto
LP002536,Male,Yes,3+,Not Graduate,No,3095,0,113,360,1,Rural,Y,2013/08/17,Mr,Johannesburg
LP002544,Male,Yes,1,Not Graduate,No,1958,2436,131,360,1,Rural,Y,2013/03/01,Mr,Centurion
LP002545,Male,No,2,Graduate,No,3547,0,80,360,0,Rural,N,2014|09|03,Mr,Waterkloof
LP002571,Male,No,0,Not Graduate,No,3691,0,110,360,1,Rural,Y,2015/07/28,Mr,Fourways
LP002585,Male,Yes,0,Graduate,No,3597,2157,119,360,0,Rural,N,2017/08/24,Mr,Waterkloof
LP002587,Male,Yes,0,Not Graduate,No,2600,1700,107,360,1,Rural,Y,20130301,Mr,Fourways
LP002602,Male,No,0,Graduate,No,6283,4416,209,360,0,Rural,N,2014/03/31,Mr,Waterkloof
LP002603,Female,No,0,Graduate,No,645,3683,113,480,1,Rural,Y,2016.09.26,Miss,Johannesburg
LP002618,Male,Yes,1,Not Graduate,No,4050,5302,138,360,,Rural,N,2017/08/27,Mr,Johannesburg
LP002622,Male,Yes,2,Graduate,No,3510,4416,243,360,1,Rural,Y,2014/12/02,Mr,Fourways
LP002637,Male,No,0,Not Graduate,No,3598,1287,100,360,1,Rural,N,2014/04/25,Mr,Johannesburg
LP002652,Male,No,0,Graduate,No,5815,3666,311,360,1,Rural,N,2013.04.06,Mr,Centurion
LP002659,Male,Yes,3+,Graduate,No,3466,3428,150,360,1,Rural,Y,2017.03.06,Mr,Soweto
LP002684,Female,No,0,Not Graduate,No,3400,0,95,360,1,Rural,N,2014/06/23,Miss,Roodepoort
LP002692,Male,Yes,3+,Graduate,Yes,5677,1424,100,360,1,Rural,Y,2013/03/15,Mr,Waterkloof
LP002693,Male,Yes,2,Graduate,Yes,7948,7166,480,360,1,Rural,Y,2014/08/18,Mr,Centurion
LP002699,Male,Yes,2,Graduate,Yes,17500,0,400,360,1,Rural,Y,2013|11|12,Mr,Johannesburg
LP002717,Male,Yes,0,Graduate,No,1025,5500,216,360,,Rural,Y,2015/08/19,Mr,Waterkloof
LP002723,Male,No,2,Graduate,No,3588,0,110,360,0,Rural,N,2016|08|24,Mr,Roodepoort
LP002732,Male,No,0,Not Graduate,,2550,2042,126,360,1,Rural,Y,2014/10/27,Mr,Soweto
LP002739,Male,Yes,0,Not Graduate,No,2917,536,66,360,1,Rural,N,2017/10/21,Mr,jhb
LP002740,Male,Yes,3+,Graduate,No,6417,0,157,180,1,Rural,Y,2013|11|02,Mr,pta
LP002767,Male,Yes,0,Graduate,No,2768,1950,155,360,1,Rural,Y,2015/05/17,Mr,jhb
LP002772,Male,No,0,Graduate,No,2526,1783,145,360,1,Rural,Y,2014/06/18,Mr,jhb
LP002777,Male,Yes,0,Graduate,No,2785,2016,110,360,1,Rural,Y,2014/11/02,Mr,Roodepoort
LP002778,Male,Yes,2,Graduate,Yes,6633,0,,360,0,Rural,N,2015|09|18,Mr,Centurion
LP002784,Male,Yes,1,Not Graduate,No,2492,2375,,360,1,Rural,Y,2015/06/04,Mr,Roodepoort
LP002789,Male,Yes,0,Graduate,No,3593,4266,132,180,0,Rural,N,2017/07/22,Mr,Fourways
LP002820,Male,Yes,0,Graduate,No,5923,2054,211,360,1,Rural,Y,2014/05/19,Mr,jhb
LP002833,Male,Yes,0,Not Graduate,No,4467,0,120,360,,Rural,Y,2015/01/07,Mr,jhb
LP002837,Male,Yes,3+,Graduate,No,3400,2500,123,360,0,Rural,N,2013/02/10,Mr,Fourways
LP002877,Male,Yes,1,Graduate,No,1782,2232,107,360,1,Rural,Y,2013/04/22,Mr,Centurion
LP002898,Male,Yes,1,Graduate,No,1880,0,61,360,,Rural,N,2015|07|17,Mr,Edenvale
LP002911,Male,Yes,1,Graduate,No,2787,1917,146,360,0,Rural,N,2015/10/25,Mr,Centurion
LP002912,Male,Yes,1,Graduate,No,4283,3000,172,84,1,Rural,N,2017/08/30,Mr,pta
LP002936,Male,Yes,0,Graduate,No,3859,3300,142,180,1,Rural,Y,2015.10.13,Mr,Waterkloof
LP002940,Male,No,0,Not Graduate,No,3833,0,110,360,1,Rural,Y,2014/02/06,Mr,Centurion
LP002941,Male,Yes,2,Not Graduate,Yes,6383,1000,187,360,1,Rural,N,2016/10/21,Mr,jhb
LP002945,Male,Yes,0,Graduate,Yes,9963,0,180,360,1,Rural,Y,2013/11/29,Mr,Midrand
LP002950,Male,Yes,0,Not Graduate,,2894,2792,155,360,1,Rural,Y,2015/02/08,Mr,Edenvale
LP002958,Male,No,0,Graduate,No,3676,4301,172,360,1,Rural,Y,2014/04/10,Mr,Soweto
LP002964,Male,Yes,2,Not Graduate,No,3987,1411,157,360,1,Rural,Y,2016/08/30,Mr,pta
LP002974,Male,Yes,0,Graduate,No,3232,1950,108,360,1,Rural,Y,2015/05/19,Mr,Edenvale
LP002978,Female,No,0,Graduate,No,2900,0,71,360,1,Rural,Y,2015/07/18,Miss,Soweto
LP002979,Male,Yes,3+,Graduate,No,4106,0,40,180,1,Rural,Y,2017|03|07,Mr,jhb
LP001014,Male,Yes,3+,Graduate,No,3036,2504,158,360,0,Semiurban,N,2016/02/18,Mr,Edenvale
LP001020,Male,Yes,1,Graduate,No,12841,10968,349,360,1,Semiurban,N,2014/04/23,Mr,Midrand
LP001047,Male,Yes,0,Not Graduate,No,2600,1911,116,360,0,Semiurban,N,2015/12/06,Mr,Soweto
LP001052,Male,Yes,1,Graduate,,3717,2925,151,360,,Semiurban,N,2014/05/10,Mr,Roodepoort
LP001066,Male,Yes,0,Graduate,Yes,9560,0,191,360,1,Semiurban,Y,2015/02/26,Mr,Centurion
LP001068,Male,Yes,0,Graduate,No,2799,2253,122,360,1,Semiurban,Y,2016/08/26,Mr,Soweto
LP001087,Female,No,2,Graduate,,3750,2083,120,360,1,Semiurban,Y,2014/08/26,Miss,Midrand
LP001098,Male,Yes,0,Graduate,No,3500,1667,114,360,1,Semiurban,Y,20150917,Mr,jhb
LP001112,Female,Yes,0,Graduate,No,3667,1459,144,360,1,Semiurban,Y,2013/06/09,Mrs,Edenvale
LP001116,Male,No,0,Not Graduate,No,3748,1668,110,360,1,Semiurban,Y,20170121,Mr,Fourways
LP001131,Male,Yes,0,Graduate,No,3941,2336,134,360,1,Semiurban,Y,2015/10/21,Mr,Roodepoort
LP001151,Female,No,0,Graduate,No,4000,2275,144,360,1,Semiurban,Y,2015/12/10,Miss,Centurion
LP001155,Female,Yes,0,Not Graduate,No,1928,1644,100,360,1,Semiurban,Y,20160917,Mrs,Fourways
LP001157,Female,No,0,Graduate,No,3086,0,120,360,1,Semiurban,Y,2014/10/08,Miss,Soweto
LP002161,Female,No,1,Graduate,No,4723,0,81,360,1,Semiurban,N,2013|02|05,Miss,Fourways
LP001194,Male,Yes,2,Graduate,No,2708,1167,97,360,1,Semiurban,Y,2015/03/29,Mr,Centurion
LP001195,Male,Yes,0,Graduate,No,2132,1591,96,360,1,Semiurban,Y,20140713,Mr,Centurion
LP002194,Female,No,0,Graduate,Yes,15759,0,55,360,1,Semiurban,Y,2015/02/28,Miss,Waterkloof
LP001225,Male,Yes,0,Graduate,No,5726,4595,258,360,1,Semiurban,N,2014/10/31,Mr,Soweto
LP002287,Female,No,0,Graduate,No,1500,1800,103,360,0,Semiurban,N,2016/12/04,Miss,Roodepoort
LP001245,Male,Yes,2,Not Graduate,Yes,1875,1875,97,360,1,Semiurban,Y,2018/02/19,Mr,Edenvale
LP001248,Male,No,0,Graduate,No,3500,0,81,300,1,Semiurban,Y,2016/06/07,Mr,jhb
LP001250,Male,Yes,3+,Not Graduate,No,4755,0,95,,0,Semiurban,N,2014/09/12,Mr,Edenvale
LP001253,Male,Yes,3+,Graduate,Yes,5266,1774,187,360,1,Semiurban,Y,2013/03/12,Mr,Midrand
LP001263,Male,Yes,3+,Graduate,No,3167,4000,180,300,0,Semiurban,N,2013.04.06,Mr,Waterkloof
LP001264,Male,Yes,3+,Not Graduate,Yes,3333,2166,130,360,,Semiurban,Y,2013/02/02,Mr,Soweto
LP002300,Female,No,0,Not Graduate,No,1963,0,53,360,1,Semiurban,Y,2017/06/18,Miss,Fourways
LP001266,Male,Yes,1,Graduate,Yes,2395,0,,360,1,Semiurban,Y,2017|10|27,Mr,Midrand
LP001273,Male,Yes,0,Graduate,No,6000,2250,265,360,,Semiurban,N,2015/11/24,Mr,jhb
LP001279,Male,No,0,Graduate,No,2366,2531,136,360,1,Semiurban,Y,2015/12/02,Mr,Roodepoort
LP001280,Male,Yes,2,Not Graduate,No,3333,2000,99,360,,Semiurban,Y,2016/08/02,Mr,Edenvale
LP001282,Male,Yes,0,Graduate,No,2500,2118,104,360,1,Semiurban,Y,2013/03/16,Mr,jhb
LP001310,Male,Yes,0,Graduate,No,5695,4167,175,360,1,Semiurban,Y,2016/12/24,Mr,Roodepoort
LP001316,Male,Yes,0,Graduate,No,2958,2900,131,360,1,Semiurban,Y,2017/04/21,Mr,Waterkloof
LP001318,Male,Yes,2,Graduate,No,6250,5654,188,180,1,Semiurban,Y,2014/07/28,Mr,Midrand
LP001322,Male,No,0,Graduate,No,4133,0,122,360,1,Semiurban,Y,2017/03/19,Mr,Centurion
LP001325,Male,No,0,Not Graduate,No,3620,0,25,120,1,Semiurban,Y,2013/08/06,Mr,Edenvale
LP001327,Female,Yes,0,Graduate,No,2484,2302,137,360,1,Semiurban,Y,2014/04/19,Mrs,jhb
LP001333,Male,Yes,0,Graduate,No,1977,997,50,360,1,Semiurban,Y,2018/01/09,Mr,Edenvale
LP001334,Male,Yes,0,Not Graduate,No,4188,0,115,180,1,Semiurban,Y,2013/09/05,Mr,Centurion
LP001343,Male,Yes,0,Graduate,No,1759,3541,131,360,1,Semiurban,Y,2016.06.29,Mr,Waterkloof
LP001349,Male,No,0,Graduate,No,4843,3806,151,360,1,Semiurban,Y,2014.05.02,Mr,Edenvale
LP001356,Male,Yes,0,Graduate,No,4652,3583,,360,1,Semiurban,Y,2017.06.22,Mr,pta
LP001384,Male,Yes,3+,Not Graduate,No,2071,754,94,480,1,Semiurban,Y,2014/02/05,Mr,jhb
LP001387,Female,Yes,0,Graduate,,2929,2333,139,360,1,Semiurban,Y,2015/01/20,Mrs,jhb
LP002305,Female,No,0,Graduate,No,4547,0,115,360,1,Semiurban,Y,2014/06/11,Miss,Centurion
LP001398,Male,No,0,Graduate,,5050,0,118,360,1,Semiurban,Y,2016/05/21,Mr,pta
LP001404,Female,Yes,0,Graduate,No,3167,2283,154,360,1,Semiurban,Y,2016/10/11,Mrs,Fourways
LP002318,Female,No,1,Not Graduate,Yes,3867,0,62,360,1,Semiurban,N,2013|05|06,Miss,Edenvale
LP002377,Female,No,1,Graduate,Yes,8624,0,150,360,1,Semiurban,Y,2014|01|16,Miss,Edenvale
LP001432,Male,Yes,2,Graduate,No,2957,0,81,360,1,Semiurban,Y,2013|03|30,Mr,Centurion
LP001478,Male,No,0,Graduate,No,2718,0,70,360,1,Semiurban,Y,2015/08/31,Mr,Soweto
LP001482,Male,Yes,0,Graduate,Yes,3459,0,25,120,1,Semiurban,Y,2014/01/28,Mr,pta
LP001487,Male,No,0,Graduate,No,4895,0,102,360,1,Semiurban,Y,2014/08/07,Mr,Midrand
LP001488,Male,Yes,3+,Graduate,No,4000,7750,290,360,1,Semiurban,N,2015/10/01,Mr,Edenvale
LP001492,Male,No,0,Graduate,No,14999,0,242,360,0,Semiurban,N,2016/03/02,Mr,Waterkloof
LP001504,Male,No,0,Graduate,Yes,6950,0,175,180,1,Semiurban,Y,2015/03/04,Mr,Fourways
LP001507,Male,Yes,0,Graduate,No,2698,2034,122,360,1,Semiurban,Y,2017/10/25,Mr,Roodepoort
LP001514,Female,Yes,0,Graduate,No,2330,4486,100,360,1,Semiurban,Y,2013/03/15,Mrs,Roodepoort
LP001520,Male,Yes,0,Graduate,No,4860,830,125,360,1,Semiurban,Y,2015/06/14,Mr,jhb
LP001536,Male,Yes,3+,Graduate,No,39999,0,600,180,0,Semiurban,Y,2013/05/07,Mr,Soweto
LP001552,Male,Yes,0,Graduate,No,4583,5625,255,360,1,Semiurban,Y,2017/07/28,Mr,Edenvale
LP001560,Male,Yes,0,Not Graduate,No,1863,1041,98,360,1,Semiurban,Y,2017/02/27,Mr,jhb
LP001565,Male,Yes,1,Graduate,No,3089,1280,121,360,0,Semiurban,N,2015/03/05,Mr,Edenvale
LP001579,Male,No,0,Graduate,No,2237,0,63,480,0,Semiurban,N,2013/08/31,Mr,Johannesburg
LP001580,Male,Yes,2,Graduate,No,8000,0,200,360,1,Semiurban,Y,2016|11|14,Mr,Waterkloof
LP001594,Male,Yes,0,Graduate,No,5708,5625,187,360,1,Semiurban,Y,2016/09/04,Mr,Edenvale
LP001603,Male,Yes,0,Not Graduate,Yes,4344,736,87,360,1,Semiurban,N,2014/04/10,Mr,Waterkloof
LP001610,Male,Yes,3+,Graduate,No,5516,11300,495,360,0,Semiurban,N,2015/11/16,Mr,Midrand
LP001616,Male,Yes,1,Graduate,No,3750,0,116,360,1,Semiurban,Y,2013|02|18,Mr,Waterkloof
LP001636,Male,Yes,0,Graduate,No,4600,0,73,180,1,Semiurban,Y,2013/07/23,Mr,Soweto
LP001637,Male,Yes,1,Graduate,No,33846,0,260,360,1,Semiurban,N,2014|10|21,Mr,Edenvale
LP001639,Female,Yes,0,Graduate,No,3625,0,108,360,1,Semiurban,Y,2013/02/04,Mrs,pta
LP001640,Male,Yes,0,Graduate,Yes,39147,4750,120,360,1,Semiurban,Y,2014/01/08,Mr,Johannesburg
LP001656,Male,No,0,Graduate,No,12000,0,164,360,1,Semiurban,N,2016/10/18,Mr,Fourways
LP001658,Male,No,0,Graduate,No,3858,0,76,360,1,Semiurban,Y,2014/05/22,Mr,Centurion
LP001665,Male,Yes,1,Graduate,No,3125,2583,170,360,1,Semiurban,N,2013/12/29,Mr,Waterkloof
LP001671,Female,Yes,0,Graduate,No,3416,2816,113,360,,Semiurban,Y,2013/10/13,Mrs,pta
LP001674,Male,Yes,1,Not Graduate,No,2600,2500,90,360,1,Semiurban,Y,2014/02/07,Mr,Midrand
LP001677,Male,No,2,Graduate,No,4923,0,166,360,0,Semiurban,Y,2017|09|15,Mr,Soweto
LP001691,Male,Yes,2,Not Graduate,No,3917,0,124,360,1,Semiurban,Y,2017|02|04,Mr,Johannesburg
LP002393,Female,,,Graduate,No,10047,0,,240,1,Semiurban,Y,2014/12/13,Miss,pta
LP001702,Male,No,0,Graduate,No,3418,0,127,360,1,Semiurban,N,2015/01/12,Mr,Roodepoort
LP002478,,Yes,0,Graduate,Yes,2083,4083,160,360,,Semiurban,Y,2017/02/21,Miss,Roodepoort
LP001711,Male,Yes,3+,Graduate,No,3430,1250,128,360,0,Semiurban,N,2015/12/08,Mr,pta
LP001720,Male,Yes,3+,Not Graduate,No,3850,983,100,360,1,Semiurban,Y,2014/06/18,Mr,Waterkloof
LP001726,Male,Yes,0,Graduate,No,3727,1775,131,360,1,Semiurban,Y,2016/04/23,Mr,pta
LP001732,Male,Yes,2,Graduate,,5000,0,72,360,0,Semiurban,N,2014|02|23,Mr,Fourways
LP001734,Female,Yes,2,Graduate,No,4283,2383,127,360,,Semiurban,Y,2015/10/07,Mrs,Johannesburg
LP001743,Male,Yes,2,Graduate,No,4009,1717,116,360,1,Semiurban,Y,2015/02/02,Mr,Midrand
LP001744,Male,No,0,Graduate,No,2971,2791,144,360,1,Semiurban,Y,2017/12/23,Mr,pta
LP001749,Male,Yes,0,Graduate,No,7578,1010,175,,1,Semiurban,Y,2013/09/09,Mr,Centurion
LP001750,Male,Yes,0,Graduate,No,6250,0,128,360,1,Semiurban,Y,2013/11/03,Mr,Centurion
LP001758,Male,Yes,2,Graduate,No,6250,1695,210,360,1,Semiurban,Y,20160412,Mr,Waterkloof
LP001760,Male,,,Graduate,No,4758,0,158,480,1,Semiurban,Y,2015/08/16,Mr,Waterkloof
LP001765,Male,Yes,1,Graduate,No,2491,2054,104,360,1,Semiurban,Y,2015/03/21,Mr,Soweto
LP002489,Female,No,1,Not Graduate,,5191,0,132,360,1,Semiurban,Y,2013|03|03,Miss,Johannesburg
LP001778,Male,Yes,1,Graduate,No,3155,1779,140,360,1,Semiurban,Y,2013/09/09,Mr,Johannesburg
LP001792,Male,Yes,1,Graduate,No,3315,0,96,360,1,Semiurban,Y,2015|11|21,Mr,pta
LP001811,Male,Yes,0,Not Graduate,No,3406,4417,123,360,1,Semiurban,Y,2017/09/01,Mr,pta
LP001824,Male,Yes,1,Graduate,No,2882,1843,123,480,1,Semiurban,Y,2016/08/18,Mr,Midrand
LP001835,Male,Yes,0,Not Graduate,No,1668,3890,201,360,0,Semiurban,N,2014.10.13,Mr,Johannsburg
LP001843,Male,Yes,1,Not Graduate,No,2661,7101,279,180,1,Semiurban,Y,2015/02/20,Mr,Johannsburg
LP001864,Male,Yes,3+,Not Graduate,No,4931,0,128,360,,Semiurban,N,2017/09/23,Mr,Soweto
LP001868,Male,No,0,Graduate,No,2060,2209,134,360,1,Semiurban,Y,2015/08/30,Mr,pta
LP002501,,Yes,0,Graduate,No,16692,0,110,360,1,Semiurban,Y,2014/07/24,Miss,Johannsburg
LP001872,Male,No,0,Graduate,Yes,5166,0,128,360,1,Semiurban,Y,2017/04/04,Mr,Pretoria
LP001877,Male,Yes,2,Graduate,No,4708,1387,150,360,1,Semiurban,Y,2017/03/22,Mr,Soweto
LP001894,Male,Yes,0,Graduate,No,2620,2223,150,360,1,Semiurban,Y,2017/07/23,Mr,Waterkloof
LP001896,Male,Yes,2,Graduate,No,3900,0,90,360,1,Semiurban,Y,2013|04|29,Mr,Pretoria
LP001900,Male,Yes,1,Graduate,No,2750,1842,115,360,1,Semiurban,Y,2013/11/11,Mr,Johannsburg
LP001903,Male,Yes,0,Graduate,No,3993,3274,207,360,1,Semiurban,Y,2016.01.22,Mr,Roodepoort
LP001907,Male,Yes,0,Graduate,No,14583,0,436,360,1,Semiurban,Y,2015/05/07,Mr,Johannsburg
LP001914,Male,Yes,0,Graduate,No,3927,800,112,360,1,Semiurban,Y,2013/04/18,Mr,Johannsburg
LP002530,,Yes,2,Graduate,No,2873,1872,132,360,0,Semiurban,N,2014/03/30,Miss,Centurion
LP002582,Female,No,0,Not Graduate,Yes,17263,0,225,360,1,Semiurban,Y,2015/05/04,Miss,Soweto
LP001938,Male,Yes,2,Graduate,No,4400,0,127,360,0,Semiurban,N,2013|10|23,Mr,Johannsburg
LP001947,Male,Yes,0,Graduate,No,2383,3334,172,360,1,Semiurban,Y,2014.05.25,Mr,Centurion
LP001953,Male,Yes,1,Graduate,No,6875,0,200,360,1,Semiurban,Y,2017|04|22,Mr,Johannsburg
LP001972,Male,Yes,,Not Graduate,No,2875,1750,105,360,1,Semiurban,Y,2016/04/15,Mr,Waterkloof
LP002606,Female,No,0,Graduate,No,3159,0,100,360,1,Semiurban,Y,2013/11/08,Miss,Edenvale
LP002004,Male,No,0,Not Graduate,No,2927,2405,111,360,1,Semiurban,Y,2013/11/03,Mr,Soweto
LP002035,Male,Yes,2,Graduate,No,3717,0,120,360,1,Semiurban,Y,2013|09|20,Mr,Midrand
LP002743,Female,No,0,Graduate,No,2138,0,99,360,0,Semiurban,N,2017/12/25,Miss,Waterkloof
LP002051,Male,Yes,0,Graduate,No,2400,2167,115,360,1,Semiurban,Y,2015/05/21,Mr,Edenvale
LP002053,Male,Yes,3+,Graduate,No,4342,189,124,360,1,Semiurban,Y,2016/12/23,Mr,Waterkloof
LP002082,Male,Yes,0,Graduate,Yes,5818,2160,184,360,1,Semiurban,Y,2017/05/15,Mr,Centurion
LP002098,Male,No,0,Graduate,No,2935,0,98,360,1,Semiurban,Y,2014/04/04,Mr,Fourways
LP002106,Male,Yes,,Graduate,Yes,5503,4490,70,,1,Semiurban,Y,2013/10/04,Mr,Edenvale
LP002753,Female,No,1,Graduate,,3652,0,95,360,1,Semiurban,Y,2016|12|28,Miss,Pretoria
LP002126,Male,Yes,3+,Not Graduate,No,3173,0,74,360,1,Semiurban,Y,2018/01/31,Mr,Pretoria
LP002129,Male,Yes,0,Graduate,No,2499,2458,160,360,1,Semiurban,Y,2015/07/13,Mr,Johannsburg
LP002137,Male,Yes,0,Graduate,No,6333,4583,259,360,,Semiurban,Y,2014/11/25,Mr,Pretoria
LP002139,Male,Yes,0,Graduate,No,9083,0,228,360,1,Semiurban,Y,2014/12/23,Mr,Roodepoort
LP002143,Female,Yes,0,Graduate,No,2423,505,130,360,1,Semiurban,Y,2014/03/01,Mrs,Fourways
LP002160,Male,Yes,3+,Graduate,No,5167,3167,200,360,1,Semiurban,Y,2017/05/03,Mr,Johannsburg
LP002776,Female,No,0,Graduate,No,5000,0,103,360,0,Semiurban,N,2013/02/07,Miss,Centurion
LP002170,Male,Yes,2,Graduate,No,5000,3667,236,360,1,Semiurban,Y,2017.02.27,Mr,Waterkloof
LP002187,Male,No,0,Graduate,No,2500,0,96,480,1,Semiurban,N,2013/02/17,Mr,Johannsburg
LP002190,Male,Yes,1,Graduate,No,6325,0,175,360,1,Semiurban,Y,2015|01|06,Mr,Johannsburg
LP002872,,Yes,0,Graduate,No,3087,2210,136,360,0,Semiurban,N,2016/03/09,Miss,Centurion
LP002197,Male,Yes,2,Graduate,No,5185,0,155,360,1,Semiurban,Y,2015|02|19,Mr,Midrand
LP002223,Male,Yes,0,Graduate,No,4310,0,130,360,,Semiurban,Y,2015/04/17,Mr,Soweto
LP002226,Male,Yes,0,Graduate,,3333,2500,128,360,1,Semiurban,Y,2017/07/11,Mr,Fourways
LP002229,Male,No,0,Graduate,No,5941,4232,296,360,1,Semiurban,Y,2014/08/31,Mr,Pretoria
LP002239,Male,No,0,Not Graduate,No,2346,1600,132,360,1,Semiurban,Y,20160714,Mr,Edenvale
LP002265,Male,Yes,2,Not Graduate,No,1993,1625,113,180,1,Semiurban,Y,20130512,Mr,Centurion
LP002272,Male,Yes,2,Graduate,No,3276,484,135,360,,Semiurban,Y,2015/05/22,Mr,Johannesburg
LP002917,Female,No,0,Not Graduate,No,2165,0,70,360,1,Semiurban,Y,2016/07/22,Miss,Soweto
LP002297,Male,No,0,Graduate,No,2500,20000,103,360,1,Semiurban,Y,2014/06/21,Mr,Centurion
LP002925,,No,0,Graduate,No,4750,0,94,360,1,Semiurban,Y,2013/06/30,Miss,Johannesburg
LP002933,,No,3+,Graduate,Yes,9357,0,292,360,1,Semiurban,Y,2013/12/30,Miss,Centurion
LP002315,Male,Yes,1,Graduate,No,8300,0,152,300,0,Semiurban,N,2015|09|20,Mr,Fourways
LP002990,Female,No,0,Graduate,Yes,4583,0,133,360,0,Semiurban,N,2014/05/11,Miss,Johannesburg
LP002335,Female,Yes,0,Not Graduate,No,2149,3237,178,360,0,Semiurban,N,2016/09/24,Mrs,Edenvale
LP002347,Male,Yes,0,Graduate,No,3246,1417,138,360,1,Semiurban,Y,2014/12/08,Mr,Midrand
LP002364,Male,Yes,0,Graduate,No,14880,0,96,360,1,Semiurban,Y,2015/05/27,Mr,Pretoria
LP002368,Male,Yes,2,Graduate,No,5935,0,133,360,1,Semiurban,Y,2013|07|09,Mr,Pretoria
LP001036,Female,No,0,Graduate,No,3510,0,76,360,0,Urban,N,2013/09/08,Miss,Soweto
LP002386,Male,No,0,Graduate,,12876,0,405,360,1,Semiurban,Y,2017/01/27,Mr,Fourways
LP002387,Male,Yes,0,Graduate,No,2425,2340,143,360,1,Semiurban,Y,2015/12/20,Mr,Fourways
LP001137,Female,No,0,Graduate,No,3410,0,88,,1,Urban,Y,2016|08|29,Miss,Johannesburg
LP002398,Male,No,0,Graduate,No,1926,1851,50,360,1,Semiurban,Y,2017/08/26,Mr,Edenvale
LP002408,Male,No,0,Graduate,No,3660,5064,187,360,1,Semiurban,Y,2018/04/10,Mr,Pretoria
LP002418,Male,No,3+,Not Graduate,No,4707,1993,148,360,1,Semiurban,Y,2016/08/30,Mr,Johannesburg
LP002422,Male,No,1,Graduate,No,37719,0,152,360,1,Semiurban,Y,2017|11|05,Mr,Roodepoort
LP002444,Male,No,1,Not Graduate,Yes,2769,1542,190,360,,Semiurban,N,2015/08/16,Mr,Johannesburg
LP002453,Male,No,0,Graduate,Yes,7085,0,84,360,1,Semiurban,Y,2015/05/05,Mr,Centurion
LP002455,Male,Yes,2,Graduate,No,3859,0,96,360,1,Semiurban,Y,2015|03|05,Mr,Edenvale
LP002473,Male,Yes,0,Graduate,No,8334,0,160,360,1,Semiurban,N,2016/02/10,Mr,Johannesburg
LP001422,Female,No,0,Graduate,No,10408,0,259,360,1,Urban,Y,2016/11/19,Miss,Edenvale
LP001585,,Yes,3+,Graduate,No,51763,0,700,300,1,Urban,Y,2014/02/18,Miss,Fourways
LP002493,Male,No,0,Graduate,No,4166,0,98,360,0,Semiurban,N,2014/10/29,Mr,Fourways
LP001669,Female,No,0,Not Graduate,No,1907,2365,120,,1,Urban,Y,2014/02/05,Miss,Johannesburg
LP002502,Female,Yes,2,Not Graduate,,210,2917,98,360,1,Semiurban,Y,2016/01/15,Mrs,Fourways
LP002515,Male,Yes,1,Graduate,Yes,3450,2079,162,360,1,Semiurban,Y,2017/02/11,Mr,Waterkloof
LP002519,Male,Yes,3+,Graduate,No,4691,0,100,360,1,Semiurban,Y,2016/08/12,Mr,Soweto
LP002529,Male,Yes,2,Graduate,No,6700,1750,230,300,1,Semiurban,Y,2017/03/03,Mr,Fourways
LP002337,Female,No,0,Graduate,No,2995,0,60,360,1,Urban,Y,2018|04|17,Miss,Waterkloof
LP002531,Male,Yes,1,Graduate,Yes,16667,2250,86,360,1,Semiurban,Y,2013/07/24,Mr,Soweto
LP002537,Male,Yes,0,Graduate,No,2083,3150,128,360,1,Semiurban,Y,2013/04/20,Mr,Roodepoort
LP002541,Male,Yes,0,Graduate,No,10833,0,234,360,1,Semiurban,Y,2016/01/06,Mr,Fourways
LP002543,Male,Yes,2,Graduate,No,8333,0,246,360,1,Semiurban,Y,2013|05|02,Mr,Waterkloof
LP002555,Male,Yes,2,Graduate,Yes,4583,2083,160,360,1,Semiurban,Y,2017/04/11,Mr,pts
LP002560,Male,No,0,Not Graduate,No,2699,2785,96,360,,Semiurban,Y,2015/05/31,Mr,Centurion
LP002341,Female,No,1,Graduate,No,2600,0,160,360,1,Urban,N,2017|11|07,Miss,Midrand
LP002586,Female,Yes,1,Graduate,No,3326,913,105,84,1,Semiurban,Y,2013/02/17,Mrs,pts
LP002600,Male,Yes,1,Graduate,Yes,2895,0,95,360,1,Semiurban,Y,2017|05|16,Mr,Johannesburg
LP002357,Female,No,0,Not Graduate,No,2720,0,80,,0,Urban,N,2014|07|23,Miss,Midrand
LP002615,Male,Yes,2,Graduate,No,4865,5624,208,360,1,Semiurban,Y,2013/02/22,Mr,Fourways
LP002619,Male,Yes,0,Not Graduate,No,3814,1483,124,300,1,Semiurban,Y,2017/12/01,Mr,Soweto
LP002640,Male,Yes,1,Graduate,No,6065,2004,250,360,1,Semiurban,Y,2018/03/26,Mr,Waterkloof
LP002648,Male,Yes,0,Graduate,No,2130,6666,70,180,1,Semiurban,N,2015/12/06,Mr,Edenvale
LP002670,Female,Yes,2,Graduate,No,2031,1632,113,480,1,Semiurban,Y,20161102,Mrs,Edenvale
LP002682,Male,Yes,,Not Graduate,No,3074,1800,123,360,0,Semiurban,N,2016/11/09,Mr,Roodepoort
LP002683,Male,No,0,Graduate,No,4683,1915,185,360,1,Semiurban,N,2018/01/30,Mr,Roodepoort
LP002689,Male,Yes,2,Not Graduate,No,2192,1742,45,360,1,Semiurban,Y,2016/09/16,Mr,Roodepoort
LP002690,Male,No,0,Graduate,No,2500,0,55,360,1,Semiurban,Y,2017/02/03,Mr,pts
LP002697,Male,No,0,Graduate,No,4680,2087,,360,1,Semiurban,N,2015/03/17,Mr,Johannesburg
LP002705,Male,Yes,0,Graduate,No,3775,0,110,360,1,Semiurban,Y,2017/07/16,Mr,Fourways
LP002706,Male,Yes,1,Not Graduate,No,5285,1430,161,360,0,Semiurban,Y,2016/11/04,Mr,Edenvale
LP002714,Male,No,1,Not Graduate,No,2679,1302,94,360,1,Semiurban,Y,2018/01/02,Mr,Edenvale
LP002716,Male,No,0,Not Graduate,No,6783,0,130,360,1,Semiurban,Y,2016/09/21,Mr,Johannesburg
LP002729,Male,No,1,Graduate,No,11250,0,196,360,,Semiurban,N,2016|11|01,Mr,Centurion
LP002738,Male,No,2,Graduate,No,3617,0,107,360,1,Semiurban,Y,2015|05|30,Mr,Soweto
LP002741,Female,Yes,1,Graduate,No,4608,2845,140,180,1,Semiurban,Y,2013/09/17,Mrs,Soweto
LP002522,Female,No,0,Graduate,Yes,2500,0,93,360,,Urban,Y,2017|07|22,Miss,Edenvale
LP002625,,No,0,Graduate,No,3583,0,96,360,1,Urban,N,2017|09|07,Miss,Waterkloof
LP002757,Female,Yes,0,Not Graduate,No,3017,663,102,360,,Semiurban,Y,2015/02/26,Mrs,Midrand
LP002768,Male,No,0,Not Graduate,No,3358,0,80,36,1,Semiurban,N,2013/06/06,Mr,Centurion
LP002634,Female,No,1,Graduate,No,13262,0,40,360,1,Urban,Y,2015|03|25,Miss,Johannesburg
LP002792,Male,Yes,1,Graduate,No,5468,1032,26,360,1,Semiurban,Y,2016/02/09,Mr,Midrand
LP002795,Male,Yes,3+,Graduate,Yes,10139,0,260,360,1,Semiurban,Y,2016/12/26,Mr,Johannesburg
LP002798,Male,Yes,0,Graduate,No,3887,2669,162,360,1,Semiurban,Y,2015/07/28,Mr,Waterkloof
LP002804,Female,Yes,0,Graduate,No,4180,2306,182,360,1,Semiurban,Y,2017/01/31,Mrs,Midrand
LP002807,Male,Yes,2,Not Graduate,No,3675,242,108,360,1,Semiurban,Y,2017/03/06,Mr,Waterkloof
LP002813,Female,Yes,1,Graduate,Yes,19484,0,600,360,1,Semiurban,Y,2014|03|01,Mrs,Johannesburg
LP002821,Male,No,0,Not Graduate,Yes,5800,0,132,360,1,Semiurban,Y,2015/06/18,Mr,Soweto
LP002862,Male,Yes,2,Not Graduate,No,6125,1625,187,480,1,Semiurban,N,20151018,Mr,Johannesburg
LP002863,Male,Yes,3+,Graduate,No,6406,0,150,360,1,Semiurban,N,2014/11/06,Mr,Roodepoort
LP002731,Female,No,0,Not Graduate,Yes,18165,0,125,360,1,Urban,Y,2018|04|03,Miss,Centurion
LP002892,Male,Yes,2,Graduate,No,6540,0,205,360,1,Semiurban,Y,2013|09|22,Mr,Soweto
LP002894,Female,Yes,0,Graduate,No,3166,0,36,360,1,Semiurban,Y,2016/03/15,Mrs,Midrand
LP002794,Female,No,0,Graduate,No,2667,1625,84,360,,Urban,Y,20161231,Miss,Edenvale
LP002840,Female,No,0,Graduate,No,2378,0,9,360,1,Urban,N,2015|09|23,Miss,Johannesburg
LP002926,Male,Yes,2,Graduate,Yes,2726,0,106,360,0,Semiurban,N,2015|12|26,Mr,Soweto
LP002928,Male,Yes,0,Graduate,No,3000,3416,56,180,1,Semiurban,Y,2014.03.08,Mr,Roodepoort
LP002931,Male,Yes,2,Graduate,Yes,6000,0,205,240,1,Semiurban,N,2018|04|08,Mr,Centurion
LP002949,Female,No,3+,Graduate,,416,41667,350,180,,Urban,N,2017/01/09,Miss,Edenvale
LP002943,Male,No,,Graduate,No,2987,0,88,360,0,Semiurban,N,2013/05/26,Mr,Johannesburg
LP002959,Female,Yes,1,Graduate,No,12000,0,496,360,1,Semiurban,Y,2015|07|28,Mrs,Fourways
LP002961,Male,Yes,1,Graduate,No,3400,2500,173,360,1,Semiurban,Y,2016/12/15,Mr,Waterkloof
LP001693,Female,No,0,Graduate,No,3244,0,80,360,1,Urban,Y,2014/05/18,Mr,Midrand
LP001002,Male,No,0,Graduate,No,5849,0,,360,1,Urban,Y,2014/11/04,Mr,Midrand
LP001005,Male,Yes,0,Graduate,Yes,3000,0,66,360,1,Urban,Y,2013/02/12,Mr,Johannesburg
LP001006,Male,Yes,0,Not Graduate,No,2583,2358,120,360,1,Urban,Y,2015/10/06,Mr,Waterkloof
LP001008,Male,No,0,Graduate,No,6000,0,141,360,1,Urban,Y,2017/05/31,Mr,Midrand
LP001011,Male,Yes,2,Graduate,Yes,5417,4196,267,360,1,Urban,Y,2017/10/25,Mr,Centurion
LP001013,Male,Yes,0,Not Graduate,No,2333,1516,95,360,1,Urban,Y,2016/12/21,Mr,Centurion
LP001018,Male,Yes,2,Graduate,No,4006,1526,168,360,1,Urban,Y,2016/10/09,Mr,Johannesburg
LP001024,Male,Yes,2,Graduate,No,3200,700,70,360,1,Urban,Y,2017/10/04,Mr,Waterkloof
LP001027,Male,Yes,2,Graduate,,2500,1840,109,360,1,Urban,Y,2013/06/09,Mr,Johannesburg
LP001028,Male,Yes,2,Graduate,No,3073,8106,200,360,1,Urban,Y,2013/11/09,Mr,Edenvale
LP001030,Male,Yes,2,Graduate,No,1299,1086,17,120,1,Urban,Y,2018/04/30,Mr,Soweto
LP001032,Male,No,0,Graduate,No,4950,0,125,360,1,Urban,Y,2015/01/08,Mr,Johannesburg
LP001034,Male,No,1,Not Graduate,No,3596,0,100,240,,Urban,Y,2015|09|16,Mr,Fourways
LP001788,Female,No,0,Graduate,Yes,3463,0,122,360,,Urban,Y,2014|01|08,Mr,Johannesburg
LP001041,Male,Yes,0,Graduate,,2600,3500,115,,1,Urban,Y,2013.09.07,Mr,Johannesburg
LP001043,Male,Yes,0,Not Graduate,No,7660,0,104,360,0,Urban,N,2017/04/26,Mr,Johannesburg
LP001046,Male,Yes,1,Graduate,No,5955,5625,315,360,1,Urban,Y,2016/06/05,Mr,Johannesburg
LP001073,Male,Yes,2,Not Graduate,No,4226,1040,110,360,1,Urban,Y,2016/01/22,Mr,Waterkloof
LP001086,Male,No,0,Not Graduate,No,1442,0,35,360,1,Urban,N,2015/08/07,Mr,Centurion
LP001091,Male,Yes,1,Graduate,,4166,3369,201,360,,Urban,N,2018.02.04,Mr,Waterkloof
LP001095,Male,No,0,Graduate,No,3167,0,74,360,1,Urban,N,2017/07/06,Mr,Edenvale
LP001106,Male,Yes,0,Graduate,No,2275,2067,,360,1,Urban,Y,2016/02/15,Mr,pts
LP001109,Male,Yes,0,Graduate,No,1828,1330,100,,0,Urban,N,2015/04/26,Mr,Johannesburg
LP001114,Male,No,0,Graduate,No,4166,7210,184,360,1,Urban,Y,2017/09/02,Mr,Centurion
LP001119,Male,No,0,Graduate,No,3600,0,80,360,1,Urban,N,2013/09/08,Mr,pts
LP001120,Male,No,0,Graduate,No,1800,1213,47,360,1,Urban,Y,2016/01/23,Mr,Johannesburg
LP001123,Male,Yes,0,Graduate,No,2400,0,75,360,,Urban,Y,2014/06/19,Mr,Johannesburg
LP001136,Male,Yes,0,Not Graduate,Yes,4695,0,96,,1,Urban,Y,2017|04|04,Mr,Edenvale
LP001836,Female,No,2,Graduate,No,3427,0,138,360,1,Urban,N,2016|10|30,Mr,Soweto
LP001138,Male,Yes,1,Graduate,No,5649,0,44,360,1,Urban,Y,2017|06|07,Mr,pts
LP001144,Male,Yes,0,Graduate,No,5821,0,144,360,1,Urban,Y,2017/08/26,Mr,Pretoria
LP001146,Female,Yes,0,Graduate,No,2645,3440,120,360,0,Urban,N,2016.05.31,Mrs,Midrand
LP001179,Male,Yes,2,Graduate,No,4616,0,134,360,1,Urban,N,2013|05|14,Mr,Roodepoort
LP001186,Female,Yes,1,Graduate,Yes,11500,0,286,360,0,Urban,N,2015|07|30,Mrs,Edenvale
LP001198,Male,Yes,1,Graduate,No,8080,2250,180,360,1,Urban,Y,2017/12/30,Mr,Centurion
LP001199,Male,Yes,2,Not Graduate,No,3357,2859,144,360,1,Urban,Y,2013/03/17,Mr,Waterkloof
LP001205,Male,Yes,0,Graduate,No,2500,3796,120,360,1,Urban,Y,2014.09.11,Mr,Roodepoort
LP001206,Male,Yes,3+,Graduate,No,3029,0,99,360,1,Urban,Y,2016/12/03,Mr,Centurion
LP001228,Male,No,0,Not Graduate,No,3200,2254,126,180,0,Urban,N,2017/11/18,Mr,Centurion
LP001233,Male,Yes,1,Graduate,No,10750,0,312,360,1,Urban,Y,2015|04|22,Mr,Soweto
LP001238,Male,Yes,3+,Not Graduate,Yes,7100,0,125,60,1,Urban,Y,2018/03/10,Mr,Pretoria
LP001243,Male,Yes,0,Graduate,No,3208,3066,172,360,1,Urban,Y,2014/03/23,Mr,Waterkloof
LP001255,Male,No,0,Graduate,No,3750,0,113,480,1,Urban,N,2016|12|04,Mr,Fourways
LP001256,Male,No,0,Graduate,No,3750,4750,176,360,1,Urban,N,2013/08/07,Mr,Midrand
LP001259,Male,Yes,1,Graduate,Yes,1000,3022,110,360,1,Urban,N,2015/05/17,Mr,Soweto
LP001267,Female,Yes,2,Graduate,No,1378,1881,167,360,1,Urban,N,2016/05/08,Mrs,Edenvale
LP001275,Male,Yes,1,Graduate,No,3988,0,50,240,1,Urban,Y,2016|01|13,Mr,Centurion
LP001289,Male,No,0,Graduate,No,8566,0,210,360,1,Urban,Y,2018/02/18,Mr,Pretoria
LP001319,Male,Yes,2,Not Graduate,No,3273,1820,81,360,1,Urban,Y,2015/05/10,Mr,Midrand
LP001326,Male,No,0,Graduate,,6782,0,,360,,Urban,N,2016/01/16,Mr,Centurion
LP001345,Male,Yes,2,Not Graduate,No,4288,3263,133,180,1,Urban,Y,2016.12.12,Mr,Soweto
LP001350,Male,Yes,,Graduate,No,13650,0,,360,1,Urban,Y,2017/09/25,Mr,Soweto
LP001357,Male,,,Graduate,No,3816,754,160,360,1,Urban,Y,2017/04/10,Mr,Waterkloof
LP001367,Male,Yes,1,Graduate,No,3052,1030,100,360,1,Urban,Y,2017/12/06,Mr,Johannesburg
LP001369,Male,Yes,2,Graduate,No,11417,1126,225,360,1,Urban,Y,2017/07/27,Mr,Midrand
LP001379,Male,Yes,2,Graduate,No,3800,3600,216,360,0,Urban,N,2013.12.28,Mr,Pretoria
LP001385,Male,No,0,Graduate,No,5316,0,136,360,1,Urban,Y,2014/11/26,Mr,Midrand
LP001405,Male,Yes,1,Graduate,No,2214,1398,85,360,,Urban,Y,2015/10/13,Mr,Waterkloof
LP001884,Female,No,1,Graduate,No,2876,1560,90,360,1,Urban,Y,2015/04/15,Mr,Johannesburg
LP001451,Male,Yes,1,Graduate,Yes,10513,3850,160,180,0,Urban,N,2014.07.28,Mr,Johannesburg
LP001469,Male,No,0,Graduate,Yes,20166,0,650,480,,Urban,Y,2013|02|06,Mr,Johannesburg
LP001473,Male,No,0,Graduate,No,2014,1929,74,360,1,Urban,Y,2013/01/19,Mr,Edenvale
LP001491,Male,Yes,2,Graduate,Yes,3316,3500,88,360,1,Urban,Y,2017.04.15,Mr,Soweto
LP001498,Male,No,0,Graduate,No,5417,0,168,360,1,Urban,Y,2016/09/16,Mr,Johannesburg
LP001508,Male,Yes,2,Graduate,No,11757,0,187,180,1,Urban,Y,2013|10|14,Mr,Johannesburg
LP001516,Female,Yes,2,Graduate,No,14866,0,70,360,1,Urban,Y,2016|05|17,Mrs,Johannesburg
LP001518,Male,Yes,1,Graduate,No,1538,1425,30,360,1,Urban,Y,2013/02/13,Mr,Pretoria
LP001531,Male,No,0,Graduate,No,9166,0,244,360,1,Urban,N,2017/10/24,Mr,Waterkloof
LP001535,Male,No,0,Graduate,No,3254,0,50,360,1,Urban,Y,2017/09/29,Mr,Johannesburg
LP001543,Male,Yes,1,Graduate,No,9538,0,187,360,1,Urban,Y,2015|01|05,Mr,Soweto
LP001562,Male,Yes,0,Graduate,No,7933,0,275,360,1,Urban,N,2014/12/20,Mr,Centurion
LP001572,Male,Yes,0,Graduate,No,9323,0,75,180,1,Urban,Y,2014/11/12,Mr,Soweto
LP001888,Female,No,0,Graduate,No,3237,0,30,360,1,Urban,Y,2017|05|08,Mr,Fourways
LP001630,Male,No,0,Not Graduate,No,2333,1451,102,480,0,Urban,N,2015/01/28,Mr,Soweto
LP001633,Male,Yes,1,Graduate,No,6400,7250,180,360,0,Urban,N,2017/12/12,Mr,Soweto
LP001657,Male,Yes,0,Not Graduate,No,6033,0,160,360,1,Urban,N,2017/04/07,Mr,Pretoria
LP001917,Female,No,0,Graduate,No,1811,1666,54,360,1,Urban,Y,20161221,Mr,Waterkloof
LP001673,Male,No,0,Graduate,Yes,11000,0,83,360,1,Urban,N,2014/06/12,Mr,Edenvale
LP001682,Male,Yes,3+,Not Graduate,No,3992,0,,180,1,Urban,N,2016/01/05,Mr,Roodepoort
LP001688,Male,Yes,1,Not Graduate,No,3500,1083,135,360,1,Urban,Y,2013/04/10,Mr,Soweto
LP001945,Female,No,,Graduate,No,5417,0,143,480,0,Urban,N,2014/09/08,Mr,Roodepoort
LP001699,Male,No,0,Graduate,No,2479,0,59,360,1,Urban,Y,2014/02/06,Mr,Johannesburg
LP001713,Male,Yes,1,Graduate,Yes,7787,0,240,360,1,Urban,Y,2016|08|27,Mr,Johannesburg
LP001716,Male,Yes,0,Graduate,No,3173,3021,137,360,1,Urban,Y,2016/04/11,Mr,Pretoria
LP001736,Male,Yes,0,Graduate,No,2221,0,60,360,0,Urban,N,2015|10|03,Mr,Midrand
LP001754,Male,Yes,,Not Graduate,Yes,4735,0,138,360,1,Urban,N,2014/09/04,Mr,Midrand
LP001786,Male,Yes,0,Graduate,,5746,0,255,360,,Urban,N,2014|12|04,Mr,Johannesburg
LP001994,Female,No,0,Graduate,No,2400,1863,104,360,0,Urban,N,2017/11/05,Mr,Waterkloof
LP001800,Male,Yes,1,Not Graduate,No,2510,1983,140,180,1,Urban,N,2014/08/22,Mr,Edenvale
LP001806,Male,No,0,Graduate,No,2965,5701,155,60,1,Urban,Y,2015/05/10,Mr,Fourways
LP001813,Male,No,0,Graduate,Yes,6050,4333,120,180,1,Urban,N,2016/11/21,Mr,Roodepoort
LP001814,Male,Yes,2,Graduate,No,9703,0,112,360,1,Urban,Y,2014|02|13,Mr,Johannesburg
LP001819,Male,Yes,1,Not Graduate,No,6608,0,137,180,1,Urban,Y,2015|01|13,Mr,Johannesburg
LP001825,Male,Yes,0,Graduate,No,1809,1868,90,360,1,Urban,Y,2017/11/30,Mr,Roodepoort
LP002087,Female,No,0,Graduate,No,2500,0,67,360,1,Urban,Y,2013|10|17,Mr,Centurion
LP001844,Male,No,0,Graduate,Yes,16250,0,192,360,0,Urban,N,2017|04|13,Mr,Waterkloof
LP001854,Male,Yes,3+,Graduate,No,5250,0,94,360,1,Urban,N,2013/05/08,Mr,Soweto
LP001865,Male,Yes,1,Graduate,No,6083,4250,330,360,,Urban,Y,2014/09/11,Mr,Edenvale
LP001882,Male,Yes,3+,Graduate,No,4333,1811,160,360,0,Urban,Y,2013/03/01,Mr,Midrand
LP002103,,Yes,1,Graduate,Yes,9833,1833,182,180,1,Urban,Y,2016/10/17,Mr,Midrand
LP002113,Female,No,3+,Not Graduate,No,1830,0,,360,0,Urban,N,2013/09/07,Mr,Johannesburg
LP001891,Male,Yes,0,Graduate,No,11146,0,136,360,1,Urban,Y,2013|06|23,Mr,Fourways
LP001904,Male,Yes,0,Graduate,No,3103,1300,80,360,1,Urban,Y,2013/06/09,Mr,Johannesburg
LP001910,Male,No,1,Not Graduate,Yes,4053,2426,158,360,0,Urban,N,2013/10/20,Mr,Centurion
LP001915,Male,Yes,2,Graduate,No,2301,985.7999878,78,180,1,Urban,Y,2016/06/12,Mr,Soweto
LP002144,Female,No,,Graduate,No,3813,0,116,180,1,Urban,Y,2013/11/19,Mr,Fourways
LP001940,Male,Yes,2,Graduate,No,3153,1560,134,360,1,Urban,Y,2013/10/16,Mr,Waterkloof
LP002209,Female,No,0,Graduate,,2764,1459,110,360,1,Urban,Y,2013/12/10,Mr,Edenvale
LP001949,Male,Yes,3+,Graduate,,4416,1250,110,360,1,Urban,Y,2018/04/19,Mr,Johannesburg
LP001954,Female,Yes,1,Graduate,No,4666,0,135,360,1,Urban,Y,2016|09|25,Mrs,Johannesburg
LP001963,Male,Yes,1,Graduate,No,2014,2925,113,360,1,Urban,N,2018/04/20,Mr,Midrand
LP001964,Male,Yes,0,Not Graduate,No,1800,2934,93,360,0,Urban,N,2017/05/31,Mr,Soweto
LP001977,Male,Yes,1,Graduate,No,1625,1803,96,360,1,Urban,Y,2014/02/05,Mr,Centurion
LP001990,Male,No,0,Not Graduate,No,2000,0,,360,1,Urban,N,2014|02|19,Mr,Soweto
LP002231,Female,No,0,Graduate,No,6000,0,156,360,1,Urban,Y,2013|03|07,Mr,Edenvale
LP002031,Male,Yes,1,Not Graduate,No,3399,1640,111,180,1,Urban,Y,20161027,Mr,Fourways
LP002036,Male,Yes,0,Graduate,No,2058,2134,88,360,,Urban,Y,2015/06/27,Mr,Pretoria
LP002086,Female,Yes,0,Graduate,No,4333,2451,110,360,1,Urban,N,2013/01/06,Mrs,Johannesburg
LP002277,Female,No,0,Graduate,No,3180,0,71,360,0,Urban,N,2017|06|11,Mr,Soweto
LP002097,Male,No,1,Graduate,No,4384,1793,117,360,1,Urban,Y,2016/04/23,Mr,Pretoria
LP002100,Male,No,,Graduate,No,2833,0,71,360,1,Urban,Y,2015/04/03,Mr,Centurion
LP002101,Male,Yes,0,Graduate,,63337,0,490,180,1,Urban,Y,2017/05/28,Mr,Roodepoort
LP001164,Female,No,0,Graduate,No,4230,0,112,360,1,Semiurban,N,2017/10/01,Mrs,Fourways
LP001222,Female,No,0,Graduate,No,4166,0,116,360,0,Semiurban,N,2013/11/04,Mrs,Midrand
LP002119,Male,Yes,1,Not Graduate,No,4554,1229,158,360,1,Urban,Y,2016/12/10,Mr,Fourways
LP002131,Male,Yes,2,Not Graduate,No,3083,2168,126,360,1,Urban,Y,2013/11/13,Mr,Fourways
LP001241,Female,No,0,Graduate,No,4300,0,136,360,0,Semiurban,N,2015/07/13,Mrs,Johannesburg
LP002151,Male,Yes,1,Graduate,No,3875,0,67,360,1,Urban,N,2014|06|22,Mr,Johannesburg
LP002158,Male,Yes,0,Not Graduate,No,3000,1666,100,480,0,Urban,N,20150629,Mr,Midrand
LP002175,Male,Yes,0,Graduate,No,4750,2333,130,360,1,Urban,Y,2015/02/16,Mr,Fourways
LP002178,Male,Yes,0,Graduate,No,3013,3033,95,300,,Urban,Y,2013/03/22,Mr,Centurion
LP002205,Male,No,1,Graduate,No,3062,1987,111,180,0,Urban,N,2013/07/03,Mr,Midrand
LP001265,Female,No,0,Graduate,No,3846,0,111,360,1,Semiurban,Y,2013/05/16,Mrs,Centurion
LP002211,Male,Yes,0,Graduate,No,4817,923,120,180,1,Urban,Y,2013/10/29,Mr,Waterkloof
LP002224,Male,No,0,Graduate,No,3069,0,71,480,1,Urban,N,2017|07|06,Mr,Johannesburg
LP002225,Male,Yes,2,Graduate,No,5391,0,130,360,1,Urban,Y,2014|12|16,Mr,Fourways
LP001392,Female,No,1,Graduate,Yes,7451,0,,360,1,Semiurban,Y,2014|10|12,Mrs,Midrand
LP002234,Male,No,0,Graduate,Yes,7167,0,128,360,1,Urban,Y,2015|07|08,Mr,Johannesburg
LP002236,Male,Yes,2,Graduate,No,4566,0,100,360,1,Urban,N,2013|11|06,Mr,Roodepoort
LP002237,Male,No,1,Graduate,,3667,0,113,180,1,Urban,Y,2016|08|09,Mr,Johannesburg
LP002243,Male,Yes,0,Not Graduate,No,3010,3136,,360,0,Urban,N,2017/12/16,Mr,Pretoria
LP002244,Male,Yes,0,Graduate,No,2333,2417,136,360,1,Urban,Y,2018/02/23,Mr,Centurion
LP002263,Male,Yes,0,Graduate,No,2583,2115,120,360,,Urban,Y,2018/03/05,Mr,Waterkloof
LP002266,Male,Yes,2,Graduate,No,3100,1400,113,360,1,Urban,Y,2014/09/22,Mr,Roodepoort
LP001430,Female,No,0,Graduate,No,4166,0,44,360,1,Semiurban,Y,2015/05/04,Mrs,Johannesburg
LP002281,Male,Yes,0,Graduate,No,3033,1459,95,360,1,Urban,Y,2018/02/01,Mr,Johannesburg
LP002288,Male,Yes,2,Not Graduate,No,2889,0,45,180,0,Urban,N,2016|09|08,Mr,Johannesburg
LP002308,Male,Yes,0,Not Graduate,No,2167,2400,115,360,1,Urban,Y,2017/12/09,Mr,Waterkloof
LP002319,Male,Yes,0,Graduate,,6256,0,160,360,,Urban,Y,2014|04|10,Mr,Fourways
LP001431,Female,No,0,Graduate,No,2137,8980,137,360,0,Semiurban,Y,2015/09/18,Mrs,Johannesburg
LP001692,Female,No,0,Not Graduate,No,4408,0,120,360,1,Semiurban,Y,2015/05/02,Mrs,Soweto
LP002342,Male,Yes,2,Graduate,Yes,1600,20000,239,360,1,Urban,N,2015/06/20,Mr,Fourways
LP001708,Female,No,0,Graduate,No,10000,0,214,360,1,Semiurban,N,2015/03/12,Mrs,Johannesburg
LP002361,Male,Yes,0,Graduate,No,1820,1719,100,360,1,Urban,Y,2015/12/01,Mr,Johannesburg
LP002362,Male,Yes,1,Graduate,No,7250,1667,110,,0,Urban,N,20160511,Mr,Johannesburg
LP002370,Male,No,0,Not Graduate,No,2717,0,60,180,1,Urban,Y,2014/03/01,Mr,Roodepoort
LP002390,Male,No,0,Graduate,No,3750,0,100,360,1,Urban,Y,2013|07|09,Mr,Joburg
LP002401,Male,Yes,0,Graduate,No,2213,1125,,360,1,Urban,Y,2016/06/18,Mr,Waterkloof
LP002403,Male,No,0,Graduate,Yes,10416,0,187,360,0,Urban,N,2013|01|16,Mr,Waterkloof
LP002447,Male,Yes,2,Not Graduate,No,1958,1456,60,300,,Urban,Y,2018/03/17,Mr,Soweto
LP002459,Male,Yes,0,Graduate,No,4301,0,118,360,1,Urban,Y,2013|10|06,Mr,Joburg
LP002467,Male,Yes,0,Graduate,No,3708,2569,173,360,1,Urban,N,2018/03/13,Mr,Roodepoort
LP002484,Male,Yes,3+,Graduate,No,7740,0,128,180,1,Urban,Y,2013/12/20,Mr,Soweto
LP002500,Male,Yes,3+,Not Graduate,No,2947,1664,70,180,0,Urban,N,20170321,Mr,Midrand
LP002505,Male,Yes,0,Graduate,No,4333,2451,110,360,1,Urban,N,2016/12/05,Mr,Roodepoort
LP001776,Female,No,0,Graduate,No,8333,0,280,360,1,Semiurban,Y,2017/12/03,Mrs,Midrand
LP002533,Male,Yes,2,Graduate,No,2947,1603,,360,1,Urban,N,20141109,Mr,Roodepoort
LP002547,Male,Yes,1,Graduate,No,18333,0,500,360,1,Urban,N,2015|05|30,Mr,Joburg
LP002556,Male,No,0,Graduate,No,2435,0,75,360,1,Urban,N,2015|12|14,Mr,Centurion
LP002562,Male,Yes,1,Not Graduate,No,5333,1131,186,360,,Urban,Y,2014/09/01,Mr,Waterkloof
LP002588,Male,Yes,0,Graduate,No,4625,2857,111,12,,Urban,Y,2017/01/01,Mr,Roodepoort
LP002624,Male,Yes,0,Graduate,No,20833,6667,480,360,,Urban,Y,2017/12/06,Mr,Soweto
LP001870,Female,No,1,Graduate,No,3481,0,155,36,1,Semiurban,N,2013|12|28,Mrs,Centurion
LP002626,Male,Yes,0,Graduate,Yes,2479,3013,188,360,1,Urban,Y,2014/10/19,Mr,Edenvale
LP001925,Female,No,0,Graduate,Yes,2600,1717,99,300,1,Semiurban,N,2016/06/11,Mrs,Joburg
LP002643,Male,Yes,2,Graduate,No,3283,2035,148,360,1,Urban,Y,2016/10/16,Mr,Soweto
LP002720,Male,Yes,3+,Graduate,No,4281,0,100,360,1,Urban,Y,2017/05/28,Mr,Fourways
LP001931,Female,No,0,Graduate,No,4124,0,115,360,1,Semiurban,Y,2018/03/15,Mrs,Joburg
LP002734,Male,Yes,0,Graduate,No,6133,3906,324,360,1,Urban,Y,2014.09.14,Mr,Centurion
LP002755,Male,Yes,1,Not Graduate,No,2239,2524,128,360,1,Urban,Y,2015/08/10,Mr,Joburg
LP002785,Male,Yes,1,Graduate,No,3333,3250,158,360,1,Urban,Y,2016/10/12,Mr,Roodepoort
LP002788,Male,Yes,0,Not Graduate,No,2454,2333,181,360,0,Urban,N,2016/05/03,Mr,Waterkloof
LP002002,Female,No,0,Graduate,No,2917,0,84,360,1,Semiurban,Y,2014/10/30,Mrs,Roodepoort
LP002832,Male,Yes,2,Graduate,No,8799,0,258,360,0,Urban,N,2014|01|09,Mr,Joburg
LP002836,Male,No,0,Graduate,No,3333,0,70,360,1,Urban,Y,2017|07|22,Mr,Joburg
LP002043,Female,No,1,Graduate,No,3541,0,112,360,,Semiurban,Y,2013|11|28,Mrs,Pretoria
LP002841,Male,Yes,0,Graduate,No,3166,2064,104,360,0,Urban,N,2016/08/02,Mr,Centurion
LP002842,Male,Yes,1,Graduate,No,3417,1750,186,360,1,Urban,Y,2015/04/21,Mr,Joburg
LP002847,Male,Yes,,Graduate,No,5116,1451,165,360,0,Urban,N,2018/03/04,Mr,Centurion
LP002855,Male,Yes,2,Graduate,No,16666,0,275,360,1,Urban,Y,2013|03|30,Mr,Waterkloof
LP002868,Male,Yes,2,Graduate,No,3159,461,108,84,1,Urban,Y,2016/02/16,Mr,Midrand
LP002874,Male,No,0,Graduate,No,3229,2739,110,360,1,Urban,Y,2016/08/28,Mr,Soweto
LP002888,Male,No,0,Graduate,,3182,2917,161,360,1,Urban,Y,2016/12/29,Mr,Midrand
LP002893,Male,No,0,Graduate,No,1836,33837,90,360,1,Urban,N,2013/06/26,Mr,Midrand
LP002916,Male,Yes,0,Graduate,No,2297,1522,104,360,1,Urban,Y,2016/03/26,Mr,Waterkloof
LP002938,Male,Yes,0,Graduate,Yes,16120,0,260,360,1,Urban,Y,2013|01|05,Mr,Waterkloof
LP002948,Male,Yes,2,Graduate,No,5780,0,192,360,1,Urban,Y,2015|12|11,Mr,Midrand
LP002114,Female,No,0,Graduate,No,4160,0,71,360,1,Semiurban,Y,2015/03/25,Mrs,Soweto
LP002953,Male,Yes,3+,Graduate,No,5703,0,128,360,1,Urban,Y,2015/04/27,Mr,Roodepoort
LP002960,Male,Yes,0,Not Graduate,No,2400,3800,,180,1,Urban,N,2017.08.08,Mr,Roodepoort
LP002983,Male,Yes,1,Graduate,No,8072,240,253,360,1,Urban,Y,2015/10/23,Mr,Joburg
LP002984,Male,Yes,2,Graduate,No,7583,0,187,360,1,Urban,Y,2016|07|07,Mr,Joburg
